"DESCRIPTION","DURATION IN MS","NAME","PARENT SUITE","START TIME","STATUS","STOP TIME","SUB SUITE","SUITE","TEST CLASS","TEST METHOD"
"","3670","TC001_AddEmployee","","2026-09-28","passed","2026-09-28","","TestSuite.spec.ts","",""
"","10425","Verify Login functionality","chromium","2026-06-30","passed","2026-06-30","","TC001.spec.ts","",""
"","20542","TC_AddEmployee","chromium","2026-06-30","failed","2026-06-30","","TC002.spec.ts","",""
"","5074","TC002_Verify user can open Add Employee page from PIM menu","chromium","2026-06-30","passed","2026-06-30","","TC002.spec.ts","",""
"","25893","TC002_EmployeeList","chromium","2026-06-30","passed","2026-06-30","","TestSuite.spec.ts","",""
"","31209","TC002_Verify user can open Add Employee page from PIM menu","","2026-06-30","broken","2026-06-30","","tests\TC002.spec.ts","",""
"","3962","TC002_EmployeeList","","2026-09-28","passed","2026-09-28","","TestSuite.spec.ts","",""
"","8508","TC002","chromium","2026-06-30","passed","2026-06-30","","TestSuite.spec.ts","",""
"","10541","Verify Login functionality","","2026-09-28","passed","2026-09-28","","TC001.spec.ts","",""
"","30091","TC002_Add Employee in PIM Module","chromium","2026-06-30","broken","2026-06-30","","TC002.spec.ts","",""
"","8671","TC_AddEmployee","","2026-09-28","passed","2026-09-28","","TC002.spec.ts","",""
"","10677","Verify Login functionality","","2026-06-30","passed","2026-06-30","","tests\TC001.spec.ts","",""
"","9041","TC001","chromium","2026-06-30","passed","2026-06-30","","TestSuite.spec.ts","",""
"","5022","TC001_AddEmployee","chromium","2026-06-30","passed","2026-06-30","","TestSuite.spec.ts","",""
